"","sample_key","metal","cps","rsd","type","site","analyst","mass_of_soil","total_volume","concentration"
"1","10","Cr53",0.0360836745943431,0.270455082534076,"Sample","F","CYT",1.4935,46,NA
"2","10","Pb208",0.559189528780998,0.460066460915433,"Sample","F","CYT",1.4935,46,NA
"3","10","As75",0.0127343981672634,0.0389116448299085,"Sample","F","CYT",1.4935,46,NA
"4","10","Cd111",0.00112127211004283,16.1324548399001,"Sample","F","CYT",1.4935,46,NA
"5","10","Cr52",0.297503693986963,0.481161667848264,"Sample","F","CYT",1.4935,46,NA
"6","10","Cd114",0.00281223431159872,0.715780548908414,"Sample","F","CYT",1.4935,46,NA
"7","11","Pb208",0.0153832943644901,4.29270199522973,"Sample","MB","CYT",0,46,NA
"8","11","Cr52",0.121507215575874,0.732503682533621,"Sample","MB","CYT",0,46,NA
"9","11","Cr53",0.0143719934374109,2.21746241033156,"Sample","MB","CYT",0,46,NA
"10","11","Cd114",0.000564974408496985,10.1904863216506,"Sample","MB","CYT",0,46,NA
"11","11","Cd111",0.000155248057159748,58.9849934578543,"Sample","MB","CYT",0,46,NA
"12","11","As75",0.00599926175665269,12.358968535156,"Sample","MB","CYT",0,46,NA
"13","12","As75",0.0364409232902763,1.62021984801796,"Sample","F","DJHR",1.516,43,NA
"14","12","Cr52",0.920569867808142,0.491847907040392,"Sample","F","DJHR",1.516,43,NA
"15","12","Cd111",0.00225805159704654,9.74068479994447,"Sample","F","DJHR",1.516,43,NA
"16","12","Pb208",2.47192504848637,0.380941168000816,"Sample","F","DJHR",1.516,43,NA
"17","12","Cd114",0.00659538169498042,3.06027148930931,"Sample","F","DJHR",1.516,43,NA
"18","12","Cr53",0.112047617903398,0.427428593068195,"Sample","F","DJHR",1.516,43,NA
"19","13","Pb208",25.0997930611472,5.99408955156184,"Sample","QC","DJHR",1.4923,43,NA
"20","13","Cd114",0.125085813297278,2.95943992743923,"Sample","QC","DJHR",1.4923,43,NA
"21","13","Cr53",0.428544775354104,1.04838167176503,"Sample","QC","DJHR",1.4923,43,NA
"22","13","Cd111",0.047812501251638,8.87057036083721,"Sample","QC","DJHR",1.4923,43,NA
"23","13","Cr52",3.51907785571958,1.74020201782503,"Sample","QC","DJHR",1.4923,43,NA
"24","13","As75",0.105680831561084,5.50268186120464,"Sample","QC","DJHR",1.4923,43,NA
"25","14","Pb208",2.79603540004199,0.347974591088561,"Sample","D","CAG",1.50621,50,NA
"26","14","Cr52",1.00979276977879,0.229215192547585,"Sample","D","CAG",1.50621,50,NA
"27","14","As75",0.0220242567675904,0.659227770034353,"Sample","D","CAG",1.50621,50,NA
"28","14","Cd111",0.00301824185423762,3.30070472495406,"Sample","D","CAG",1.50621,50,NA
"29","14","Cr53",0.124317157816081,0.197386835123198,"Sample","D","CAG",1.50621,50,NA
"30","14","Cd114",0.0115101410224326,1.58849490403459,"Sample","D","CAG",1.50621,50,NA
"31","15","Cd114",0.121890264815737,0.248982815615645,"Sample","QC","CAG",1.48989,50,NA
"32","15","Cr52",3.5120846706817,0.533998927683943,"Sample","QC","CAG",1.48989,50,NA
"33","15","Pb208",25.2453711233661,0.550415482602013,"Sample","QC","CAG",1.48989,50,NA
"34","15","Cd111",0.0461030278593307,1.46509643218673,"Sample","QC","CAG",1.48989,50,NA
"35","15","Cr53",0.43142736036266,0.214561112819567,"Sample","QC","CAG",1.48989,50,NA
"36","15","As75",0.105893510686526,0.320439262321912,"Sample","QC","CAG",1.48989,50,NA
"37","16","Cr52",1.27373061253778,0.927604264004839,"Sample","F","JHV",1.5063,45,NA
"38","16","Pb208",3.29394456865724,0.867016428394561,"Sample","F","JHV",1.5063,45,NA
"39","16","Cd111",0.0027234303372798,5.74860446924834,"Sample","F","JHV",1.5063,45,NA
"40","16","As75",0.0479478166357049,0.140476399181377,"Sample","F","JHV",1.5063,45,NA
"41","16","Cd114",0.00813445932193722,3.05231537898228,"Sample","F","JHV",1.5063,45,NA
"42","16","Cr53",0.154026132052872,0.443390039235114,"Sample","F","JHV",1.5063,45,NA
"43","17","Cr52",4.00221248064462,1.44198490578173,"Sample","QC","JHV",1.5236,45,NA
"44","17","Cd114",0.135825364619047,0.781079130761906,"Sample","QC","JHV",1.5236,45,NA
"45","17","Cr53",0.491530888162436,0.836391028415578,"Sample","QC","JHV",1.5236,45,NA
"46","17","Cd111",0.0532937264790605,3.21297401429214,"Sample","QC","JHV",1.5236,45,NA
"47","17","Pb208",28.337857215089,0.956074780202545,"Sample","QC","JHV",1.5236,45,NA
"48","17","As75",0.120205743653166,1.07760746813175,"Sample","QC","JHV",1.5236,45,NA
"49","18","Cr52",1.03636654267685,1.97976063630436,"Sample","D","SJB",1.55,45,NA
"50","18","Cd114",0.0119983955048352,2.06621596257211,"Sample","D","SJB",1.55,45,NA
"51","18","As75",0.0259657040769997,1.86086669046604,"Sample","D","SJB",1.55,45,NA
"52","18","Cd111",0.00279036409470711,24.9446435598486,"Sample","D","SJB",1.55,45,NA
"53","18","Cr53",0.126633988573814,1.62596927671482,"Sample","D","SJB",1.55,45,NA
"54","18","Pb208",2.64709571066123,0.529554393845091,"Sample","D","SJB",1.55,45,NA
"55","19","Cr52",2.85159334436487,0.256192595620065,"Sample","QC","SJB",1.53,45,NA
"56","19","Cr53",0.348982092065349,0.0606606823742651,"Sample","QC","SJB",1.53,45,NA
"57","19","As75",0.085960014421115,0.526068181384637,"Sample","QC","SJB",1.53,45,NA
"58","19","Pb208",26.6494804436738,0.355519021441219,"Sample","QC","SJB",1.53,45,NA
"59","19","Cd114",0.125080414448584,0.203902412555882,"Sample","QC","SJB",1.53,45,NA
"60","19","Cd111",0.0493106169912958,2.13997630345448,"Sample","QC","SJB",1.53,45,NA
"61","20","As75",0.00669517765454298,1.40375855288513,"Sample","MB","MD",0,50,NA
"62","20","Cr53",0.0136542376439606,3.33847085735653,"Sample","MB","MD",0,50,NA
"63","20","Cd111",0.000271343020838143,29.7055306340014,"Sample","MB","MD",0,50,NA
"64","20","Cd114",0.000764200699253623,13.2159493604322,"Sample","MB","MD",0,50,NA
"65","20","Pb208",0.0152995683916309,5.47877937910735,"Sample","MB","MD",0,50,NA
"66","20","Cr52",0.111744762292402,3.29593950179551,"Sample","MB","MD",0,50,NA
"67","21","Cr53",0.0687614721217896,0.826363568807898,"Sample","D","MD",1.5756,50,NA
"68","21","As75",0.0175492883723635,2.00513197239373,"Sample","D","MD",1.5756,50,NA
"69","21","Cd111",0.00304820951773118,18.8180618776832,"Sample","D","MD",1.5756,50,NA
"70","21","Cd114",0.00730065488818596,2.19129617445994,"Sample","D","MD",1.5756,50,NA
"71","21","Cr52",0.567338197606067,0.873137914741284,"Sample","D","MD",1.5756,50,NA
"72","21","Pb208",6.21982260442536,0.692261073470162,"Sample","D","MD",1.5756,50,NA
"73","22","Pb208",2.80412320825117,0.332180302465144,"Sample","E","SEP",1.6,44,NA
"74","22","Cd111",0.00290721293348705,3.95163079822893,"Sample","E","SEP",1.6,44,NA
"75","22","Cr53",0.223452888183183,0.22521311840171,"Sample","E","SEP",1.6,44,NA
"76","22","As75",0.0483763489214553,0.673245263571114,"Sample","E","SEP",1.6,44,NA
"77","22","Cr52",1.82041204546551,0.426291217324542,"Sample","E","SEP",1.6,44,NA
"78","22","Cd114",0.00938435716004957,0.676508542884181,"Sample","E","SEP",1.6,44,NA
"79","23","Cr53",0.369040726054923,0.8623979071653,"Sample","QC","SEP",1.0136,42.5,NA
"80","23","Cd111",0.0385706770624607,5.29196506532562,"Sample","QC","SEP",1.0136,42.5,NA
"81","23","Cd114",0.101357265072159,1.29409283551852,"Sample","QC","SEP",1.0136,42.5,NA
"82","23","Cr52",3.03918909857616,0.64041321339924,"Sample","QC","SEP",1.0136,42.5,NA
"83","23","Pb208",19.9836612537145,1.68389879011064,"Sample","QC","SEP",1.0136,42.5,NA
"84","23","As75",0.0877475984687647,0.163405845297905,"Sample","QC","SEP",1.0136,42.5,NA
"85","24","As75",0.0513530152209581,1.09155480280886,"Sample","C","SGB",1.5074,44,NA
"86","24","Cr53",0.447626930032611,0.303706669548072,"Sample","C","SGB",1.5074,44,NA
"87","24","Cd111",0.00454002025240298,6.93357503790831,"Sample","C","SGB",1.5074,44,NA
"88","24","Cr52",3.64282196773885,0.820293168725004,"Sample","C","SGB",1.5074,44,NA
"89","24","Pb208",6.78969447927168,0.657372201527039,"Sample","C","SGB",1.5074,44,NA
"90","24","Cd114",0.0170202872690996,1.0085229221541,"Sample","C","SGB",1.5074,44,NA
"91","25","Cd111",0.00124957845034227,7.59029356224986,"Sample","MB","SGB",0,44.5,NA
"92","25","As75",0.00499238584487574,2.87276439000212,"Sample","MB","SGB",0,44.5,NA
"93","25","Cr52",0.13995047623506,1.5928197189139,"Sample","MB","SGB",0,44.5,NA
"94","25","Cd114",0.00371085744933003,0.255262745755276,"Sample","MB","SGB",0,44.5,NA
"95","25","Cr53",0.0176160573053853,1.0742020442654,"Sample","MB","SGB",0,44.5,NA
"96","25","Pb208",0.158160331794723,1.48150925320749,"Sample","MB","SGB",0,44.5,NA
"97","26","Cd114",0.0105281314027902,0.694421399831347,"Sample","C","AWB",1.5115,42.5,NA
"98","26","Pb208",5.47473846374044,1.04778745653333,"Sample","C","AWB",1.5115,42.5,NA
"99","26","Cd111",0.00343509961803828,6.73973518578808,"Sample","C","AWB",1.5115,42.5,NA
"100","26","Cr52",2.00112733669281,1.18545406168084,"Sample","C","AWB",1.5115,42.5,NA
"101","26","As75",0.0248456335722799,2.46906909346824,"Sample","C","AWB",1.5115,42.5,NA
"102","26","Cr53",0.245408855954449,0.922738421686908,"Sample","C","AWB",1.5115,42.5,NA
"103","27","Cd114",0.134933117282683,0.151840563567475,"Sample","QC","AWB",1.5794,43.5,NA
"104","27","Cr52",4.07392220140441,0.184129299225189,"Sample","QC","AWB",1.5794,43.5,NA
"105","27","Cr53",0.496320053474168,0.186563292508552,"Sample","QC","AWB",1.5794,43.5,NA
"106","27","Cd111",0.0539742509101673,2.38388202396907,"Sample","QC","AWB",1.5794,43.5,NA
"107","27","Pb208",29.3382034238153,0.688291627025112,"Sample","QC","AWB",1.5794,43.5,NA
"108","27","As75",0.119033759423128,0.486211342614213,"Sample","QC","AWB",1.5794,43.5,NA
"109","38","Cd111",0.00401689134508795,11.411233312943,"Sample","C","GB",1.5127,50,NA
"110","38","As75",0.0256862043288799,2.14977951757882,"Sample","C","GB",1.5127,50,NA
"111","38","Cr52",2.48263318429705,0.433072528232112,"Sample","C","GB",1.5127,50,NA
"112","38","Cr53",0.301909048701605,0.77548434676951,"Sample","C","GB",1.5127,50,NA
"113","38","Pb208",6.39671578234457,0.533826915643708,"Sample","C","GB",1.5127,50,NA
"114","38","Cd114",0.00970307639751656,1.82562059074833,"Sample","C","GB",1.5127,50,NA
"115","39","As75",0.0909773971010874,2.58972675703014,"Sample","QC","GB",1.5554,45,NA
"116","39","Pb208",20.7283737652173,1.44802631975712,"Sample","QC","GB",1.5554,45,NA
"117","39","Cr52",3.02807804873405,0.789347242862859,"Sample","QC","GB",1.5554,45,NA
"118","39","Cd114",0.102404519287301,1.89192024368959,"Sample","QC","GB",1.5554,45,NA
"119","39","Cd111",0.0396395449939991,3.59503962903584,"Sample","QC","GB",1.5554,45,NA
"120","39","Cr53",0.370599543513019,0.496032639952448,"Sample","QC","GB",1.5554,45,NA
"121","40","As75",0.0257915938123554,1.04226420590065,"Sample","B","AB",1.5378,50,NA
"122","40","Cd111",0.00243173156822066,6.1674951326564,"Sample","B","AB",1.5378,50,NA
"123","40","Cr53",0.114708170634082,0.291800402734333,"Sample","B","AB",1.5378,50,NA
"124","40","Cr52",0.943902969867106,0.570936121450536,"Sample","B","AB",1.5378,50,NA
"125","40","Pb208",3.05137724105822,0.737673720847861,"Sample","B","AB",1.5378,50,NA
"126","40","Cd114",0.0115372138465248,0.362517008436966,"Sample","B","AB",1.5378,50,NA
"127","41","As75",0.0372354192967814,2.04705303154533,"Sample","B","LF",1.4587,45,NA
"128","41","Pb208",18.9220889367676,2.85645699333373,"Sample","B","LF",1.4587,45,NA
"129","41","Cd111",0.00357293252525526,17.9939524934935,"Sample","B","LF",1.4587,45,NA
"130","41","Cr53",0.155826518711798,0.93742903146654,"Sample","B","LF",1.4587,45,NA
"131","41","Cd114",0.0210557448506945,2.29639851040356,"Sample","B","LF",1.4587,45,NA
"132","41","Cr52",1.26971609424646,1.08160894352857,"Sample","B","LF",1.4587,45,NA
"133","42","Pb208",0.0133570261257847,12.0830000914463,"Sample","MB","LF",0,45,NA
"134","42","As75",0.00740376140789327,6.57959412930014,"Sample","MB","LF",0,45,NA
"135","42","Cd114",0.000704880575730003,19.1430918666409,"Sample","MB","LF",0,45,NA
"136","42","Cd111",0.000207773488753176,79.4838717371034,"Sample","MB","LF",0,45,NA
"137","42","Cr52",0.110572803510369,2.73901944847145,"Sample","MB","LF",0,45,NA
"138","42","Cr53",0.0131559751178072,5.24443656991918,"Sample","MB","LF",0,45,NA
"139","43","Pb208",0.0318395706957599,1.17416146251242,"Sample","MB","AB",0,45,NA
"140","43","Cr53",0.0128905360208768,1.54006537309818,"Sample","MB","AB",0,45,NA
"141","43","Cd114",0.000983220156940129,8.62004521979258,"Sample","MB","AB",0,45,NA
"142","43","Cd111",0.000303238956802547,18.617526879072,"Sample","MB","AB",0,45,NA
"143","43","Cr52",0.103662633688163,1.08498163527604,"Sample","MB","AB",0,45,NA
"144","43","As75",0.0062892305388354,1.10605975778372,"Sample","MB","AB",0,45,NA
"145","44","Cr53",0.520394772130928,0.206277065997294,"Sample","QC","KAD",1.5598,50,NA
"146","44","Cr52",4.24667423077627,0.536678132131783,"Sample","QC","KAD",1.5598,50,NA
"147","44","Cd111",0.0535405152388095,2.42175244118928,"Sample","QC","KAD",1.5598,50,NA
"148","44","As75",0.123278455348147,0.744165726029104,"Sample","QC","KAD",1.5598,50,NA
"149","44","Pb208",28.5633296042909,0.0707294686095805,"Sample","QC","KAD",1.5598,50,NA
"150","44","Cd114",0.141630390012311,0.938195639657587,"Sample","QC","KAD",1.5598,50,NA
"151","45","Pb208",5.49758685661816,2.33105407104844,"Sample","B","KAD",1.54,45,NA
"152","45","As75",0.0322745899242351,2.54376570138877,"Sample","B","KAD",1.54,45,NA
"153","45","Cr53",0.159919544608187,1.05567457752903,"Sample","B","KAD",1.54,45,NA
"154","45","Cd114",0.0166761964616001,4.15266003518627,"Sample","B","KAD",1.54,45,NA
"155","45","Cr52",1.30198116006529,0.482208468705169,"Sample","B","KAD",1.54,45,NA
"156","45","Cd111",0.00442873195257879,90.2777640472874,"Sample","B","KAD",1.54,45,NA
"157","46","Cd111",0.00295424420667321,13.2308977705564,"Sample","A","LML",1.57641,43,NA
"158","46","Cr53",0.219701631162435,0.53415104266701,"Sample","A","LML",1.57641,43,NA
"159","46","Cd114",0.0124869762163678,2.67486371136285,"Sample","A","LML",1.57641,43,NA
"160","46","As75",0.0244807168078785,2.21428630429238,"Sample","A","LML",1.57641,43,NA
"161","46","Cr52",1.77533990432494,0.72741738465029,"Sample","A","LML",1.57641,43,NA
"162","46","Pb208",7.19499458358276,0.483609718403647,"Sample","A","LML",1.57641,43,NA
"163","47","As75",0.123087936184004,0.619550393233227,"Sample","QC","LML",1.54717,43,NA
"164","47","Cr53",0.530270469764641,2.19577258428633,"Sample","QC","LML",1.54717,43,NA
"165","47","Cd111",0.0549906999815834,5.1315577166418,"Sample","QC","LML",1.54717,43,NA
"166","47","Cr52",4.34563932429953,0.809516763428281,"Sample","QC","LML",1.54717,43,NA
"167","47","Pb208",29.2760939381194,1.61325636875645,"Sample","QC","LML",1.54717,43,NA
"168","47","Cd114",0.141404705335408,1.04592012971886,"Sample","QC","LML",1.54717,43,NA
"169","48","Cd111",0.00268211510382495,5.0898243864396,"Sample","A","AH",1.5,43.7,NA
"170","48","Cr53",0.275076685478027,0.134128852990125,"Sample","A","AH",1.5,43.7,NA
"171","48","As75",0.0228010763087132,2.19041435259294,"Sample","A","AH",1.5,43.7,NA
"172","48","Cd114",0.0113880603969248,2.46139673975355,"Sample","A","AH",1.5,43.7,NA
"173","48","Pb208",5.44768672927226,0.761822458064522,"Sample","A","AH",1.5,43.7,NA
"174","48","Cr52",2.24092218478958,0.488868109592727,"Sample","A","AH",1.5,43.7,NA
"175","49","Cd114",0.000765396399811286,2.81102164505519,"Sample","MB","AH",0,45,NA
"176","49","Cd111",0.000143859820705522,30.3714252910022,"Sample","MB","AH",0,45,NA
"177","49","Pb208",0.0157700663401483,2.86311281963299,"Sample","MB","AH",0,45,NA
"178","49","Cr52",0.109662575991602,0.994112524235184,"Sample","MB","AH",0,45,NA
"179","49","As75",0.00525293366278572,1.06289990972201,"Sample","MB","AH",0,45,NA
"180","49","Cr53",0.0136814444607783,0.669200402956908,"Sample","MB","AH",0,45,NA
"181","50","Cd111",0.000136020425915319,4.93654672832933,"Sample","MB","LG",0,45.2,NA
"182","50","As75",0.00536985971397353,0.527024580858142,"Sample","MB","LG",0,45.2,NA
"183","50","Cr52",0.113366813396434,0.111010268118594,"Sample","MB","LG",0,45.2,NA
"184","50","Cd114",0.000389925221002588,1.2435109926391,"Sample","MB","LG",0,45.2,NA
"185","50","Cr53",0.013892672906105,0.222184814876405,"Sample","MB","LG",0,45.2,NA
"186","50","Pb208",0.0123183724924805,0.897198107929383,"Sample","MB","LG",0,45.2,NA
"187","51","Pb208",4.68367952212092,1.49372900569325,"Sample","C","LG",1.5038,45,NA
"188","51","Cr52",0.78815309197868,2.43095332846543,"Sample","C","LG",1.5038,45,NA
"189","51","Cd114",0.0268334189356443,4.23073353311806,"Sample","C","LG",1.5038,45,NA
"190","51","Cr53",0.0967935070240599,0.080868678703909,"Sample","C","LG",1.5038,45,NA
"191","51","Cd111",0.00268491357239767,30.3721581886417,"Sample","C","LG",1.5038,45,NA
"192","51","As75",0.0320947524140453,5.84955959392423,"Sample","C","LG",1.5038,45,NA
"193","52","As75",0.0364030733927213,0.285714285714286,"Sample","B","MF",1.4581,18,NA
"194","52","Cd111",0.00432505749223768,3.04761904761905,"Sample","B","MF",1.4581,18,NA
"195","52","Cr52",1.46371815862205,0.476190476190476,"Sample","B","MF",1.4581,18,NA
"196","52","Cd114",0.0215136002982952,0.380952380952381,"Sample","B","MF",1.4581,18,NA
"197","52","Cr53",0.177808070630912,0.238095238095238,"Sample","B","MF",1.4581,18,NA
"198","52","Pb208",10.9403725665586,0.523809523809524,"Sample","B","MF",1.4581,18,NA
"199","53","Cd111",0.0539697687950623,1.46666666666667,"Sample","QC","MF",1.5916,22,NA
"200","53","Cd114",0.134028123520569,0.333333333333333,"Sample","QC","MF",1.5916,22,NA
"201","53","As75",0.132418550866527,0.333333333333333,"Sample","QC","MF",1.5916,22,NA
"202","53","Pb208",25.290535066399,0.666666666666667,"Sample","QC","MF",1.5916,22,NA
"203","53","Cr53",0.550902962148715,0.466666666666667,"Sample","QC","MF",1.5916,22,NA
"204","53","Cr52",4.52076145363403,0.4,"Sample","QC","MF",1.5916,22,NA
"205","54","Cr53",0.156145244477034,0.5,"Sample","A","LAK",1.5235,40,NA
"206","54","Pb208",3.93496735021477,0.285714285714286,"Sample","A","LAK",1.5235,40,NA
"207","54","As75",0.0270061781915289,3,"Sample","A","LAK",1.5235,40,NA
"208","54","Cr52",1.29030848844871,0.642857142857143,"Sample","A","LAK",1.5235,40,NA
"209","54","Cd111",0.00242235147815833,5.5,"Sample","A","LAK",1.5235,40,NA
"210","54","Cd114",0.0092443729903537,1.5,"Sample","A","LAK",1.5235,40,NA
"211","55","Cd114",0.000466190887020133,8,"Sample","MB","LAK",0,45,NA
"212","55","Pb208",0.062736325190352,5.8,"Sample","MB","LAK",0,45,NA
"213","55","Cd111",0.000123037974932735,115.4,"Sample","MB","LAK",0,45,NA
"214","55","Cr52",0.112024845796506,4.4,"Sample","MB","LAK",0,45,NA
"215","55","Cr53",0.013753430913931,3.4,"Sample","MB","LAK",0,45,NA
"216","55","As75",0.00900527242330182,8.4,"Sample","MB","LAK",0,45,NA
"217","56","Cr53",0.154624713626377,0.5625,"Sample","A","AVM",1.5375,47,NA
"218","56","Cr52",1.25590224674887,1.625,"Sample","A","AVM",1.5375,47,NA
"219","56","Pb208",17.4553882434137,3,"Sample","A","AVM",1.5375,47,NA
"220","56","As75",0.0377362038787435,0.25,"Sample","A","AVM",1.5375,47,NA
"221","56","Cd111",0.00306918711498527,10,"Sample","A","AVM",1.5375,47,NA
"222","56","Cd114",0.020180495893568,1.6875,"Sample","A","AVM",1.5375,47,NA
"223","57","Cd111",0.0477973198050212,4,"Sample","QC","AVM",1.5167,45,NA
"224","57","Cr52",3.99618025747848,2.75,"Sample","QC","AVM",1.5167,45,NA
"225","57","Cr53",0.487509716251635,1.5,"Sample","QC","AVM",1.5167,45,NA
"226","57","As75",0.11753764945743,3.25,"Sample","QC","AVM",1.5167,45,NA
"227","57","Cd114",0.123024717041961,1.5,"Sample","QC","AVM",1.5167,45,NA
"228","57","Pb208",21.3845703043294,2.5,"Sample","QC","AVM",1.5167,45,NA
"229","58","As75",0.0290059904377383,1.13333333333333,"Sample","B","SS",1.5363,42.5,NA
"230","58","Cd111",0.00292360863929642,6.8,"Sample","B","SS",1.5363,42.5,NA
"231","58","Cr52",1.56494526595568,0.466666666666667,"Sample","B","SS",1.5363,42.5,NA
"232","58","Cr53",0.190877005644921,0.6,"Sample","B","SS",1.5363,42.5,NA
"233","58","Cd114",0.0122581324151338,0.733333333333333,"Sample","B","SS",1.5363,42.5,NA
"234","58","Pb208",4.29589111174323,0.466666666666667,"Sample","B","SS",1.5363,42.5,NA
"235","59","Cr52",4.32400821772227,0.8,"Sample","QC","SS",1.5578,42.8,NA
"236","59","Cr53",0.527109301664546,0.6,"Sample","QC","SS",1.5578,42.8,NA
"237","59","As75",0.127280190825416,0.8,"Sample","QC","SS",1.5578,42.8,NA
"238","59","Cd111",0.0532578096688394,3.2,"Sample","QC","SS",1.5578,42.8,NA
"239","59","Cd114",0.133692929906629,0.6,"Sample","QC","SS",1.5578,42.8,NA
"240","59","Pb208",23.3587816467288,1.4,"Sample","QC","SS",1.5578,42.8,NA
"241","6","Cd114",0.011823345397584,1.95247380630831,"Sample","C","MRMJ",1.5009,45,NA
"242","6","Cr53",0.239986153226311,0.399571413656297,"Sample","C","MRMJ",1.5009,45,NA
"243","6","As75",0.0341346374264537,2.01832238919667,"Sample","C","MRMJ",1.5009,45,NA
"244","6","Cr52",1.96511777822544,0.439949975435328,"Sample","C","MRMJ",1.5009,45,NA
"245","6","Pb208",5.55775150496329,1.00540330369183,"Sample","C","MRMJ",1.5009,45,NA
"246","6","Cd111",0.0033962456386282,6.82365692481553,"Sample","C","MRMJ",1.5009,45,NA
"247","65","As75",0.00493764430858473,1.74887388465628,"Cal1","","",NA,NA,0
"248","65","Cd114",7.71629621377422e-05,4.27794134702624,"Cal1","","",NA,NA,0
"249","65","Cr53",0.00179508245071221,4.01191697883862,"Cal1","","",NA,NA,0
"250","65","Pb208",0.0074261601697271,0.833981376873725,"Cal1","","",NA,NA,0
"251","65","Cd111",2.75670571724234e-05,17.1393057860943,"Cal1","","",NA,NA,0
"252","65","Cr52",0.0168641368911452,4.02698537586311,"Cal1","","",NA,NA,0
"253","66","As75",0.0163767608893514,0.373963968466448,"Cal1","","",NA,NA,0.5
"254","66","Cr52",0.11321244130916,0.880495631342761,"Cal1","","",NA,NA,0.5
"255","66","Cd114",0.0686228137106289,0.327041000743658,"Cal1","","",NA,NA,0.5
"256","66","Cd111",0.0290167040362118,1.19095134683077,"Cal1","","",NA,NA,0.5
"257","66","Cr53",0.0132046810594129,0.584903261641448,"Cal1","","",NA,NA,0.5
"258","66","Pb208",0.0374688507332884,0.844612858783824,"Cal1","","",NA,NA,0.5
"259","67","Cd114",0.140872242678894,0.922166973960405,"Cal1","","",NA,NA,1
"260","67","Pb208",0.0695996722653704,9.15031934092725,"Cal1","","",NA,NA,1
"261","67","As75",0.0269089108807534,3.76748621909528,"Cal1","","",NA,NA,1
"262","67","Cd111",0.055913128118275,1.69916291401753,"Cal1","","",NA,NA,1
"263","67","Cr53",0.0244293826511016,1.87273370679551,"Cal1","","",NA,NA,1
"264","67","Cr52",0.203903997308818,1.48228176170417,"Cal1","","",NA,NA,1
"265","68","Cr53",0.0462712407813658,1.48836577256009,"Cal1","","",NA,NA,2
"266","68","Cd114",0.276031414994869,0.951946469577514,"Cal1","","",NA,NA,2
"267","68","Pb208",0.125681595107793,3.99094338999266,"Cal1","","",NA,NA,2
"268","68","Cr52",0.372294560760756,1.76854406809408,"Cal1","","",NA,NA,2
"269","68","Cd111",0.112717951306397,3.65847162464144,"Cal1","","",NA,NA,2
"270","68","As75",0.046925197985185,1.98289652264713,"Cal1","","",NA,NA,2
"271","69","Cr53",0.110106619904917,0.928872539230507,"Cal1","","",NA,NA,5
"272","69","Cd114",0.690350646263302,0.18043704398558,"Cal1","","",NA,NA,5
"273","69","Pb208",0.311469808637375,1.77033682232654,"Cal1","","",NA,NA,5
"274","69","Cr52",0.899497011710586,0.623288960627108,"Cal1","","",NA,NA,5
"275","69","As75",0.112750117698672,1.39898114889515,"Cal1","","",NA,NA,5
"276","69","Cd111",0.273444894045143,0.927115162033719,"Cal1","","",NA,NA,5
"277","7","Cd111",0.000388332142802226,106.42522280842,"Sample","MB","MRMJ",0,45,NA
"278","7","Pb208",0.0108111407613155,55.8259362906601,"Sample","MB","MRMJ",0,45,NA
"279","7","As75",0.00559475066644114,2.66249534789139,"Sample","MB","MRMJ",0,45,NA
"280","7","Cr53",0.0131886150745002,5.24752240794276,"Sample","MB","MRMJ",0,45,NA
"281","7","Cd114",0.000803037694917434,36.8798382184987,"Sample","MB","MRMJ",0,45,NA
"282","7","Cr52",0.107136663181276,4.37681442278302,"Sample","MB","MRMJ",0,45,NA
"283","70","Cd114",1.36146141888148,0.136477627475468,"Cal1","","",NA,NA,10
"284","70","Cr53",0.215937130201422,0.555144303634555,"Cal1","","",NA,NA,10
"285","70","As75",0.216496817470684,0.349830516748513,"Cal1","","",NA,NA,10
"286","70","Pb208",0.603453436075465,0.353850437173042,"Cal1","","",NA,NA,10
"287","70","Cr52",1.75761846225382,0.183887637384877,"Cal1","","",NA,NA,10
"288","70","Cd111",0.546076782215622,1.96201802384612,"Cal1","","",NA,NA,10
"289","71","Cr53",0.425534407469603,0.124206705844225,"Cal1","","",NA,NA,20
"290","71","Cr52",3.50542207264209,0.346858773991161,"Cal1","","",NA,NA,20
"291","71","Cd114",2.72715945940982,0.279955318770712,"Cal1","","",NA,NA,20
"292","71","Cd111",1.08935726558356,0.231075006510365,"Cal1","","",NA,NA,20
"293","71","As75",0.426969225408559,0.583624624439032,"Cal1","","",NA,NA,20
"294","71","Pb208",1.17805040470453,0.97013744963132,"Cal1","","",NA,NA,20
"295","72","As75",1.10065002723353,0.0502359113624309,"Cal1","","",NA,NA,50
"296","72","Cd111",3.25802054244776,0.107874870839656,"Cal1","","",NA,NA,50
"297","72","Pb208",3.11163430347355,0.225678735578522,"Cal1","","",NA,NA,50
"298","72","Cr52",10.333717725562,0.186228149886584,"Cal1","","",NA,NA,50
"299","72","Cr53",1.27156992072455,0.113525397203928,"Cal1","","",NA,NA,50
"300","72","Cd114",8.10704926262757,0.11095007063485,"Cal1","","",NA,NA,50
"301","73","Cd111",5.58180571867622,0.19621770068316,"Cal1","","",NA,NA,100
"302","73","Cd114",14.0077649475014,0.0758530136089567,"Cal1","","",NA,NA,100
"303","73","As75",2.17354952859115,0.192001304080997,"Cal1","","",NA,NA,100
"304","73","Cr53",2.17431874901256,0.0500952367761787,"Cal1","","",NA,NA,100
"305","73","Cr52",17.9845884103558,0.26105283777844,"Cal1","","",NA,NA,100
"306","73","Pb208",6.0688830628795,0.177499387344754,"Cal1","","",NA,NA,100
"307","74","Cd114",71.7925470655592,0.0975851496113842,"Cal1","","",NA,NA,500
"308","74","As75",10.9213683949176,0.163012934289175,"Cal1","","",NA,NA,500
"309","74","Cd111",27.9414331518625,0.184793642917243,"Cal1","","",NA,NA,500
"310","74","Pb208",31.2974055863826,0.104263023440277,"Cal1","","",NA,NA,500
"311","74","Cr53",10.9140908210173,0.158544911059459,"Cal1","","",NA,NA,500
"312","74","Cr52",90.3114127889007,0.18168326064851,"Cal1","","",NA,NA,500
"313","75","Cr53",23.2439941266076,0.238270289730743,"Cal1","","",NA,NA,1000
"314","75","As75",23.5464193047255,0.708924808879663,"Cal1","","",NA,NA,1000
"315","75","Cr52",190.290308765173,0.209486435537895,"Cal1","","",NA,NA,1000
"316","75","Cd114",150.600353007916,0.208538626937912,"Cal1","","",NA,NA,1000
"317","75","Pb208",64.3916919518316,0.24785838635492,"Cal1","","",NA,NA,1000
"318","75","Cd111",59.0415321779764,0.462070268633694,"Cal1","","",NA,NA,1000
"319","76","Cr52",0.0168640955653574,4.02970297029703,"Cal2","","",NA,NA,0
"320","76","Cr53",0.00179512378021971,4.00990099009901,"Cal2","","",NA,NA,0
"321","76","Cd114",7.71216322210708e-05,4.27722772277228,"Cal2","","",NA,NA,0
"322","76","As75",0.00493764430858473,1.75247524752475,"Cal2","","",NA,NA,0
"323","76","Pb208",0.0074261188402196,0.831683168316832,"Cal2","","",NA,NA,0
"324","76","Cd111",2.75257272557519e-05,17.1485148514851,"Cal2","","",NA,NA,0
"325","77","Cd114",0.068622768120331,0.318181818181818,"Cal2","","",NA,NA,0.5
"326","77","Cd111",0.0290166584459139,1.20454545454545,"Cal2","","",NA,NA,0.5
"327","77","Pb208",0.0374688507332884,0.840909090909091,"Cal2","","",NA,NA,0.5
"328","77","As75",0.0163768064796493,0.386363636363636,"Cal2","","",NA,NA,0.5
"329","77","Cr52",0.113212486899458,0.886363636363636,"Cal2","","",NA,NA,0.5
"330","77","Cr53",0.0132046354650115,0.590909090909091,"Cal2","","",NA,NA,0.5
"331","78","Cd111",0.0559131255850404,1.5,"Cal2","","",NA,NA,1
"332","78","Cr52",0.203903988070618,1.25,"Cal2","","",NA,NA,1
"333","78","Cr53",0.0244293815442889,1.75,"Cal2","","",NA,NA,1
"334","78","As75",0.0269088643141694,3.5,"Cal2","","",NA,NA,1
"335","78","Cd114",0.140872281603065,0.75,"Cal2","","",NA,NA,1
"336","78","Pb208",0.0695996691120448,8.25,"Cal2","","",NA,NA,1
"337","79","Cd114",0.276031402475276,1,"Cal2","","",NA,NA,2
"338","79","Cd111",0.112717991590539,3.75,"Cal2","","",NA,NA,2
"339","79","Pb208",0.125681544010878,4.125,"Cal2","","",NA,NA,2
"340","79","As75",0.0469251504603193,2,"Cal2","","",NA,NA,2
"341","79","Cr52",0.372294543875083,1.75,"Cal2","","",NA,NA,2
"342","79","Cr53",0.0462712386827021,1.5,"Cal2","","",NA,NA,2
"343","8","Pb208",2.25952996915332,0.493147160023496,"Sample","E","ARG",1.5423,50,NA
"344","8","Cr52",0.858528412505245,0.44406668287492,"Sample","E","ARG",1.5423,50,NA
"345","8","Cr53",0.104492945355755,0.0862769549504175,"Sample","E","ARG",1.5423,50,NA
"346","8","As75",0.0255988312747231,0.474078427116551,"Sample","E","ARG",1.5423,50,NA
"347","8","Cd114",0.00622053976655978,0.649528384497309,"Sample","E","ARG",1.5423,50,NA
"348","8","Cd111",0.0023121536414962,9.32945338750535,"Sample","E","ARG",1.5423,50,NA
"349","80","Cr53",0.110106569610784,0.933333333333333,"Cal2","","",NA,NA,5
"350","80","As75",0.112750112594594,1.4,"Cal2","","",NA,NA,5
"351","80","Cd114",0.690350660280801,0.2,"Cal2","","",NA,NA,5
"352","80","Pb208",0.311469749268526,1.8,"Cal2","","",NA,NA,5
"353","80","Cr52",0.89949697099131,0.6,"Cal2","","",NA,NA,5
"354","80","Cd111",0.273444926935522,0.933333333333333,"Cal2","","",NA,NA,5
"355","81","Cr52",1.75761849668571,0.166666666666667,"Cal2","","",NA,NA,10
"356","81","Cr53",0.215937184813369,0.583333333333333,"Cal2","","",NA,NA,10
"357","81","As75",0.216496782280843,0.333333333333333,"Cal2","","",NA,NA,10
"358","81","Cd111",0.546076761828358,1.91666666666667,"Cal2","","",NA,NA,10
"359","81","Cd114",1.36146152453826,0.166666666666667,"Cal2","","",NA,NA,10
"360","81","Pb208",0.603453508092111,0.333333333333333,"Cal2","","",NA,NA,10
"361","82","As75",0.426969286737865,0.571428571428571,"Cal2","","",NA,NA,20
"362","82","Cr53",0.425534468737243,0.142857142857143,"Cal2","","",NA,NA,20
"363","82","Pb208",1.17805049831434,1,"Cal2","","",NA,NA,20
"364","82","Cd111",1.08935726942402,0.238095238095238,"Cal2","","",NA,NA,20
"365","82","Cr52",3.50542222330063,0.333333333333333,"Cal2","","",NA,NA,20
"366","82","Cd114",2.72715961921115,0.285714285714286,"Cal2","","",NA,NA,20
"367","83","Cr52",10.3337181433819,0.183673469387755,"Cal2","","",NA,NA,50
"368","83","Cr53",1.27157002231236,0.122448979591837,"Cal2","","",NA,NA,50
"369","83","As75",1.10065003173474,0.0408163265306122,"Cal2","","",NA,NA,50
"370","83","Cd114",8.10704962518624,0.102040816326531,"Cal2","","",NA,NA,50
"371","83","Pb208",3.11163444263022,0.224489795918367,"Cal2","","",NA,NA,50
"372","83","Cd111",3.25802064383251,0.102040816326531,"Cal2","","",NA,NA,50
"373","84","Cd111",5.58180542619395,0.2,"Cal2","","",NA,NA,100
"374","84","As75",2.17354947596859,0.2,"Cal2","","",NA,NA,100
"375","84","Pb208",6.06888283691886,0.166666666666667,"Cal2","","",NA,NA,100
"376","84","Cd114",14.0077643241712,0.0666666666666667,"Cal2","","",NA,NA,100
"377","84","Cr52",17.9845876100613,0.266666666666667,"Cal2","","",NA,NA,100
"378","84","Cr53",2.17431865225775,0.0333333333333333,"Cal2","","",NA,NA,100
"379","85","Cr52",90.3114087986326,0.177777777777778,"Cal2","","",NA,NA,500
"380","85","Cr53",10.91409029501,0.155555555555556,"Cal2","","",NA,NA,500
"381","85","As75",10.9213679561594,0.155555555555556,"Cal2","","",NA,NA,500
"382","85","Cd111",27.9414318775092,0.177777777777778,"Cal2","","",NA,NA,500
"383","85","Cd114",71.7925439333231,0.0888888888888889,"Cal2","","",NA,NA,500
"384","85","Pb208",31.2974042433607,0.111111111111111,"Cal2","","",NA,NA,500
"385","86","Pb208",64.3916919518316,0.3,"Cal2","","",NA,NA,1000
"386","86","Cd114",150.600353007916,0.2,"Cal2","","",NA,NA,1000
"387","86","Cr52",190.290308765173,0.2,"Cal2","","",NA,NA,1000
"388","86","Cr53",23.2439941266076,0.2,"Cal2","","",NA,NA,1000
"389","86","Cd111",59.0415321367693,0.5,"Cal2","","",NA,NA,1000
"390","86","As75",23.5464193047255,0.7,"Cal2","","",NA,NA,1000
"391","87","Cr53",0.00179512378021971,4.00990099009901,"Cal3","","",NA,NA,0
"392","87","Pb208",0.0074261188402196,0.831683168316832,"Cal3","","",NA,NA,0
"393","87","As75",0.00493764430858473,1.75247524752475,"Cal3","","",NA,NA,0
"394","87","Cd111",2.75257272557519e-05,17.1485148514851,"Cal3","","",NA,NA,0
"395","87","Cd114",7.71216322210708e-05,4.27722772277228,"Cal3","","",NA,NA,0
"396","87","Cr52",0.0168640955653574,4.02970297029703,"Cal3","","",NA,NA,0
"397","88","Cr52",0.113212486899458,0.886363636363636,"Cal3","","",NA,NA,0.5
"398","88","Cr53",0.0132046354650115,0.590909090909091,"Cal3","","",NA,NA,0.5
"399","88","As75",0.0163768064796493,0.386363636363636,"Cal3","","",NA,NA,0.5
"400","88","Cd111",0.0290166584459139,1.20454545454545,"Cal3","","",NA,NA,0.5
"401","88","Cd114",0.068622768120331,0.318181818181818,"Cal3","","",NA,NA,0.5
"402","88","Pb208",0.0374688507332884,0.840909090909091,"Cal3","","",NA,NA,0.5
"403","89","Cr53",0.0244293815442889,1.75,"Cal3","","",NA,NA,1
"404","89","As75",0.0269088643141694,3.5,"Cal3","","",NA,NA,1
"405","89","Pb208",0.0695996691120448,8.25,"Cal3","","",NA,NA,1
"406","89","Cd111",0.0559131255850404,1.5,"Cal3","","",NA,NA,1
"407","89","Cd114",0.140872281603065,0.75,"Cal3","","",NA,NA,1
"408","89","Cr52",0.203903988070618,1.25,"Cal3","","",NA,NA,1
"409","9","Cr52",0.105619507606532,1.48358454178944,"Sample","MB","ARG",0,50,NA
"410","9","Cr53",0.0127409621781059,1.30057115231035,"Sample","MB","ARG",0,50,NA
"411","9","Cd111",0.000357853125849255,18.742985078175,"Sample","MB","ARG",0,50,NA
"412","9","Cd114",0.0010393003197976,1.25382651788342,"Sample","MB","ARG",0,50,NA
"413","9","Pb208",0.0200253059606874,1.81240981031622,"Sample","MB","ARG",0,50,NA
"414","9","As75",0.00601797218883228,4.84860767189493,"Sample","MB","ARG",0,50,NA
"415","90","Cr52",0.372294543875083,1.75,"Cal3","","",NA,NA,2
"416","90","Cd114",0.276031402475276,1,"Cal3","","",NA,NA,2
"417","90","Cr53",0.0462712386827021,1.5,"Cal3","","",NA,NA,2
"418","90","As75",0.0469251504603193,2,"Cal3","","",NA,NA,2
"419","90","Cd111",0.112717991590539,3.75,"Cal3","","",NA,NA,2
"420","90","Pb208",0.125681544010878,4.125,"Cal3","","",NA,NA,2
"421","91","As75",0.112750112594594,1.4,"Cal3","","",NA,NA,5
"422","91","Cd111",0.273444926935522,0.933333333333333,"Cal3","","",NA,NA,5
"423","91","Pb208",0.311469749268526,1.8,"Cal3","","",NA,NA,5
"424","91","Cr53",0.110106569610784,0.933333333333333,"Cal3","","",NA,NA,5
"425","91","Cd114",0.690350660280801,0.2,"Cal3","","",NA,NA,5
"426","91","Cr52",0.89949697099131,0.6,"Cal3","","",NA,NA,5
"427","92","Cr53",0.215937184813369,0.583333333333333,"Cal3","","",NA,NA,10
"428","92","Cr52",1.75761849668571,0.166666666666667,"Cal3","","",NA,NA,10
"429","92","Pb208",0.603453508092111,0.333333333333333,"Cal3","","",NA,NA,10
"430","92","As75",0.216496782280843,0.333333333333333,"Cal3","","",NA,NA,10
"431","92","Cd111",0.546076761828358,1.91666666666667,"Cal3","","",NA,NA,10
"432","92","Cd114",1.36146152453826,0.166666666666667,"Cal3","","",NA,NA,10
"433","93","Cd114",2.72715961921115,0.285714285714286,"Cal3","","",NA,NA,20
"434","93","Pb208",1.17805049831434,1,"Cal3","","",NA,NA,20
"435","93","Cr52",3.50542222330063,0.333333333333333,"Cal3","","",NA,NA,20
"436","93","Cr53",0.425534468737243,0.142857142857143,"Cal3","","",NA,NA,20
"437","93","As75",0.426969286737865,0.571428571428571,"Cal3","","",NA,NA,20
"438","93","Cd111",1.08935726942402,0.238095238095238,"Cal3","","",NA,NA,20
"439","94","Cr52",10.3337181433819,0.183673469387755,"Cal3","","",NA,NA,50
"440","94","Cr53",1.27157002231236,0.122448979591837,"Cal3","","",NA,NA,50
"441","94","As75",1.10065003173474,0.0408163265306122,"Cal3","","",NA,NA,50
"442","94","Cd111",3.25802064383251,0.102040816326531,"Cal3","","",NA,NA,50
"443","94","Cd114",8.10704962518624,0.102040816326531,"Cal3","","",NA,NA,50
"444","94","Pb208",3.11163444263022,0.224489795918367,"Cal3","","",NA,NA,50
"445","95","Cr52",17.9845876100613,0.266666666666667,"Cal3","","",NA,NA,100
"446","95","Cr53",2.17431865225775,0.0333333333333333,"Cal3","","",NA,NA,100
"447","95","Pb208",6.06888283691886,0.166666666666667,"Cal3","","",NA,NA,100
"448","95","As75",2.17354947596859,0.2,"Cal3","","",NA,NA,100
"449","95","Cd111",5.58180542619395,0.2,"Cal3","","",NA,NA,100
"450","95","Cd114",14.0077643241712,0.0666666666666667,"Cal3","","",NA,NA,100
"451","96","Cr52",90.3114087986326,0.177777777777778,"Cal3","","",NA,NA,500
"452","96","Cd114",71.7925439333231,0.0888888888888889,"Cal3","","",NA,NA,500
"453","96","Cr53",10.91409029501,0.155555555555556,"Cal3","","",NA,NA,500
"454","96","As75",10.9213679561594,0.155555555555556,"Cal3","","",NA,NA,500
"455","96","Cd111",27.9414318775092,0.177777777777778,"Cal3","","",NA,NA,500
"456","96","Pb208",31.2974042433607,0.111111111111111,"Cal3","","",NA,NA,500
"457","97","As75",23.5464193047255,0.7,"Cal3","","",NA,NA,1000
"458","97","Cr52",190.290308765173,0.2,"Cal3","","",NA,NA,1000
"459","97","Cr53",23.2439941266076,0.2,"Cal3","","",NA,NA,1000
"460","97","Pb208",64.3916919518316,0.3,"Cal3","","",NA,NA,1000
"461","97","Cd111",59.0415321367693,0.5,"Cal3","","",NA,NA,1000
"462","97","Cd114",150.600353007916,0.2,"Cal3","","",NA,NA,1000
